{
  "mcpServers": {
    "myMcpServer": {
      "command": "uv",
      "args": [
        "--directory",
        "W:\\source\\mcp-demo",
        "run",
        "main.py"
      ],
      "enable": true
    },
    "myMcpServer2": {
      "command": "uv",
      "args": [
        "--directory",
        "W:\\source\\mcp-demo",
        "run",
        "main2.py"
      ],
      "enable": true
    },
    "playwright": {
      "command": "npx",
      "args": [
        "@executeautomation/playwright-mcp-server"
      ],
      "enable": true
    }
  }
}
